{
  "llm_calls": 111,
  "tokens_in": 269257,
  "tokens_out": 81664,
  "total_tokens": 1964617,
  "tool_calls": 47,
  "cost_usd": 1.1908608500000002,
  "duration": "0:28:28.364452",
  "success": false
}