{
  "llm_calls": 49,
  "tokens_in": 1353289,
  "tokens_out": 27363,
  "total_tokens": 1380652,
  "tool_calls": 48,
  "cost_usd": 1.9652412499999996,
  "duration": "0:10:16.995692",
  "success": true
}