{
  "llm_calls": 54,
  "tokens_in": 91573,
  "tokens_out": 43912,
  "total_tokens": 545725,
  "tool_calls": 23,
  "cost_usd": 0.5191419500000001,
  "duration": "0:14:17.782010",
  "success": false
}