{
  "llm_calls": 27,
  "tokens_in": 36045,
  "tokens_out": 15950,
  "total_tokens": 206107,
  "tool_calls": 11,
  "cost_usd": 0.19673814999999997,
  "duration": "0:04:17.724662",
  "success": true
}