{
  "llm_calls": 8,
  "tokens_in": 9778,
  "tokens_out": 8110,
  "total_tokens": 28384,
  "tool_calls": 3,
  "cost_usd": 0.08761719999999999,
  "duration": "0:03:13.816029",
  "success": true
}