{
  "llm_calls": 48,
  "tokens_in": 124656,
  "tokens_out": 24220,
  "total_tokens": 606476,
  "tool_calls": 18,
  "cost_usd": 0.4094283,
  "duration": "0:10:37.602047",
  "success": true
}