{
  "llm_calls": 7,
  "tokens_in": 34285,
  "tokens_out": 4921,
  "total_tokens": 39206,
  "tool_calls": 6,
  "cost_usd": 0.09206624999999999,
  "duration": "0:01:36.607886",
  "success": true
}