{
  "llm_calls": 21,
  "tokens_in": 267736,
  "tokens_out": 8234,
  "total_tokens": 275970,
  "tool_calls": 20,
  "cost_usd": 0.41701000000000005,
  "duration": "0:03:41.199712"
}