{
  "llm_calls": 38,
  "tokens_in": 738283,
  "tokens_out": 5134,
  "total_tokens": 743417,
  "tool_calls": 37,
  "cost_usd": 1.5176379999999998,
  "duration": "0:02:38.288197",
  "success": true
}