{
  "llm_calls": 39,
  "tokens_in": 87049,
  "tokens_out": 32661,
  "total_tokens": 561054,
  "tool_calls": 16,
  "cost_usd": 0.40738584999999994,
  "duration": "0:12:59.433851",
  "success": true
}