{
  "llm_calls": 3,
  "tokens_in": 6867,
  "tokens_out": 172,
  "total_tokens": 7039,
  "tool_calls": 2,
  "cost_usd": 0.015110000000000002,
  "duration": "0:00:06.253613",
  "success": true
}