{
  "llm_calls": 50,
  "tokens_in": 727241,
  "tokens_out": 6565,
  "total_tokens": 733806,
  "tool_calls": 50,
  "cost_usd": 1.5070019999999997,
  "duration": "0:02:53.949278",
  "success": false
}