{
  "llm_calls": 47,
  "tokens_in": 228112,
  "tokens_out": 56558,
  "total_tokens": 284670,
  "tool_calls": 14,
  "cost_usd": 0.8631425000000001,
  "duration": "0:18:02.831424",
  "success": false
}