{
  "llm_calls": 44,
  "tokens_in": 701046,
  "tokens_out": 17372,
  "total_tokens": 718418,
  "tool_calls": 43,
  "cost_usd": 1.0500275000000001,
  "duration": "0:06:38.429140",
  "success": false
}