{
  "llm_calls": 108,
  "tokens_in": 469291,
  "tokens_out": 46277,
  "total_tokens": 2204912,
  "tool_calls": 50,
  "cost_usd": 1.12090575,
  "duration": "0:18:56.851327",
  "success": false
}