{
  "llm_calls": 3,
  "tokens_in": 5673,
  "tokens_out": 757,
  "total_tokens": 6430,
  "tool_calls": 2,
  "cost_usd": 0.014661249999999999,
  "duration": "0:00:19.683929",
  "success": true
}