{
  "llm_calls": 21,
  "tokens_in": 14565,
  "tokens_out": 3532,
  "total_tokens": 64817,
  "tool_calls": 10,
  "cost_usd": 0.041437249999999995,
  "duration": "0:01:24.410324",
  "success": true
}