{
  "llm_calls": 69,
  "tokens_in": 95125,
  "tokens_out": 28842,
  "total_tokens": 661311,
  "tool_calls": 30,
  "cost_usd": 0.39696095000000003,
  "duration": "0:10:35.038134",
  "success": true
}