{
  "llm_calls": 50,
  "tokens_in": 609149,
  "tokens_out": 3943,
  "total_tokens": 613092,
  "tool_calls": 50,
  "cost_usd": 1.2498420000000003,
  "duration": "0:02:25.124573",
  "success": false
}