{
  "llm_calls": 50,
  "tokens_in": 733413,
  "tokens_out": 17004,
  "total_tokens": 750417,
  "tool_calls": 50,
  "cost_usd": 1.08680625,
  "duration": "0:06:34.193901",
  "success": false
}