{
  "llm_calls": 11,
  "tokens_in": 55552,
  "tokens_out": 6804,
  "total_tokens": 62356,
  "tool_calls": 10,
  "cost_usd": 0.13748000000000002,
  "duration": "0:04:06.218320"
}