{
  "llm_calls": 106,
  "tokens_in": 257338,
  "tokens_out": 42219,
  "total_tokens": 2409381,
  "tool_calls": 50,
  "cost_usd": 0.8842372999999998,
  "duration": "0:15:42.544264",
  "success": false
}