{
  "llm_calls": 15,
  "tokens_in": 384326,
  "tokens_out": 11669,
  "total_tokens": 395995,
  "tool_calls": 14,
  "cost_usd": 0.5970975000000001,
  "duration": "0:05:10.817363",
  "success": true
}