{
  "llm_calls": 50,
  "tokens_in": 522764,
  "tokens_out": 12661,
  "total_tokens": 535425,
  "tool_calls": 50,
  "cost_usd": 1.146816,
  "duration": "0:03:52.641235",
  "success": false
}