{
  "llm_calls": 50,
  "tokens_in": 1081775,
  "tokens_out": 7599,
  "total_tokens": 1089374,
  "tool_calls": 50,
  "cost_usd": 2.224342,
  "duration": "0:03:35.261707",
  "success": false
}