{
  "llm_calls": 33,
  "tokens_in": 43445,
  "tokens_out": 9094,
  "total_tokens": 150331,
  "tool_calls": 15,
  "cost_usd": 0.12747385000000003,
  "duration": "0:03:28.085455",
  "success": true
}