{
  "llm_calls": 23,
  "tokens_in": 119767,
  "tokens_out": 34558,
  "total_tokens": 154325,
  "tool_calls": 22,
  "cost_usd": 0.515998,
  "duration": "0:05:34.332724",
  "success": false
}