{
  "llm_calls": 88,
  "tokens_in": 82001,
  "tokens_out": 59373,
  "total_tokens": 1017406,
  "tool_calls": 34,
  "cost_usd": 0.6807106500000001,
  "duration": "0:23:18.118347",
  "success": false
}