{
  "llm_calls": 46,
  "tokens_in": 82081,
  "tokens_out": 59316,
  "total_tokens": 538453,
  "tool_calls": 13,
  "cost_usd": 0.7067943499999998,
  "duration": "0:22:42.861812",
  "success": false
}