{
  "llm_calls": 50,
  "tokens_in": 638664,
  "tokens_out": 5314,
  "total_tokens": 643978,
  "tool_calls": 50,
  "cost_usd": 1.3198399999999997,
  "duration": "0:03:12.200735",
  "success": false
}