{
  "llm_calls": 21,
  "tokens_in": 162817,
  "tokens_out": 8612,
  "total_tokens": 171429,
  "tool_calls": 20,
  "cost_usd": 0.28964125,
  "duration": "0:03:23.511891"
}