{
  "llm_calls": 10,
  "tokens_in": 7428,
  "tokens_out": 9432,
  "total_tokens": 38748,
  "tool_calls": 4,
  "cost_usd": 0.09695570000000002,
  "duration": "0:03:43.859392",
  "success": true
}