{
  "llm_calls": 51,
  "tokens_in": 2079147,
  "tokens_out": 25966,
  "total_tokens": 2105113,
  "tool_calls": 81,
  "cost_usd": 2.0086892499999993,
  "duration": "0:07:40.189932",
  "success": false
}