{
  "llm_calls": 47,
  "tokens_in": 523120,
  "tokens_out": 3910,
  "total_tokens": 527030,
  "tool_calls": 46,
  "cost_usd": 1.0775199999999998,
  "duration": "0:02:52.285621",
  "success": false
}