{
  "llm_calls": 50,
  "tokens_in": 838205,
  "tokens_out": 16918,
  "total_tokens": 855123,
  "tool_calls": 50,
  "cost_usd": 1.21693625,
  "duration": "0:05:58.126367",
  "success": false
}