{
  "llm_calls": 21,
  "tokens_in": 175138,
  "tokens_out": 6463,
  "total_tokens": 181601,
  "tool_calls": 20,
  "cost_usd": 0.28355250000000004,
  "duration": "0:02:16.677684"
}