{
  "llm_calls": 86,
  "tokens_in": 131422,
  "tokens_out": 43945,
  "total_tokens": 1064839,
  "tool_calls": 39,
  "cost_usd": 0.5945855000000001,
  "duration": "0:17:21.479401",
  "success": true
}