{
  "llm_calls": 103,
  "tokens_in": 1266313,
  "tokens_out": 73740,
  "total_tokens": 1340053,
  "tool_calls": 39,
  "cost_usd": 2.3966055000000006,
  "duration": "0:25:01.846950",
  "success": true
}