{
  "llm_calls": 50,
  "tokens_in": 24358,
  "tokens_out": 17767,
  "total_tokens": 699789,
  "tool_calls": 50,
  "cost_usd": 0.2903255,
  "duration": "0:08:02.489969",
  "success": false
}