{
  "llm_calls": 21,
  "tokens_in": 144772,
  "tokens_out": 7085,
  "total_tokens": 151857,
  "tool_calls": 20,
  "cost_usd": 0.251815,
  "duration": "0:02:56.097177"
}