{
  "llm_calls": 14,
  "tokens_in": 14804,
  "tokens_out": 11497,
  "total_tokens": 80189,
  "tool_calls": 6,
  "cost_usd": 0.12367299999999999,
  "duration": "0:04:22.333232",
  "success": true
}