{
  "llm_calls": 47,
  "tokens_in": 898215,
  "tokens_out": 19947,
  "total_tokens": 918162,
  "tool_calls": 46,
  "cost_usd": 1.32223875,
  "duration": "0:08:30.444366",
  "success": false
}