{
  "llm_calls": 47,
  "tokens_in": 1083298,
  "tokens_out": 5097,
  "total_tokens": 1088395,
  "tool_calls": 46,
  "cost_usd": 2.207372,
  "duration": "0:02:20.107314",
  "success": false
}