{
  "llm_calls": 50,
  "tokens_in": 1170867,
  "tokens_out": 30162,
  "total_tokens": 1201029,
  "tool_calls": 50,
  "cost_usd": 1.7652037499999997,
  "duration": "0:11:59.042868",
  "success": false
}