{
  "llm_calls": 16,
  "tokens_in": 107037,
  "tokens_out": 5583,
  "total_tokens": 112620,
  "tool_calls": 15,
  "cost_usd": 0.18962625,
  "duration": "0:01:55.005461"
}