{
  "llm_calls": 24,
  "tokens_in": 186109,
  "tokens_out": 9345,
  "total_tokens": 195454,
  "tool_calls": 23,
  "cost_usd": 0.32608625,
  "duration": "0:03:30.359123",
  "success": true
}