{
  "llm_calls": 31,
  "tokens_in": 467827,
  "tokens_out": 16784,
  "total_tokens": 484611,
  "tool_calls": 30,
  "cost_usd": 0.7526237499999999,
  "duration": "0:06:25.162252",
  "success": true
}