{
  "llm_calls": 82,
  "tokens_in": 127952,
  "tokens_out": 78591,
  "total_tokens": 1545935,
  "tool_calls": 33,
  "cost_usd": 1.0230106,
  "duration": "0:23:53.436799",
  "success": false
}