{
  "llm_calls": 13,
  "tokens_in": 75652,
  "tokens_out": 7870,
  "total_tokens": 83522,
  "tool_calls": 12,
  "cost_usd": 0.17326500000000003,
  "duration": "0:03:01.200422",
  "success": true
}