{
  "llm_calls": 72,
  "tokens_in": 71985,
  "tokens_out": 71181,
  "total_tokens": 738238,
  "tool_calls": 20,
  "cost_usd": 0.80914665,
  "duration": "0:27:03.723760",
  "success": true
}