{
  "llm_calls": 4,
  "tokens_in": 5552,
  "tokens_out": 228,
  "total_tokens": 5780,
  "tool_calls": 3,
  "cost_usd": 0.012928000000000002,
  "duration": "0:00:08.698049",
  "success": true
}