{
  "llm_calls": 51,
  "tokens_in": 1580048,
  "tokens_out": 13725,
  "total_tokens": 1593773,
  "tool_calls": 93,
  "cost_usd": 1.3292320000000002,
  "duration": "0:04:37.936107",
  "success": false
}