{
  "llm_calls": 50,
  "tokens_in": 392793,
  "tokens_out": 4090,
  "total_tokens": 396883,
  "tool_calls": 50,
  "cost_usd": 0.8183060000000001,
  "duration": "0:03:08.597133",
  "success": false
}