{
  "llm_calls": 19,
  "tokens_in": 23556,
  "tokens_out": 8556,
  "total_tokens": 85872,
  "tool_calls": 9,
  "cost_usd": 0.08879400000000001,
  "duration": "0:03:36.072097",
  "success": true
}