{
  "llm_calls": 11,
  "tokens_in": 253498,
  "tokens_out": 1741,
  "total_tokens": 255239,
  "tool_calls": 10,
  "cost_usd": 0.23260175000000002,
  "duration": "0:00:46.435664",
  "success": true
}