{
  "llm_calls": 17,
  "tokens_in": 108849,
  "tokens_out": 7666,
  "total_tokens": 116515,
  "tool_calls": 16,
  "cost_usd": 0.21272125000000003,
  "duration": "0:02:47.227132"
}