{
  "llm_calls": 42,
  "tokens_in": 654408,
  "tokens_out": 16554,
  "total_tokens": 670962,
  "tool_calls": 41,
  "cost_usd": 0.9835500000000001,
  "duration": "0:06:56.213303",
  "success": false
}