{
  "llm_calls": 28,
  "tokens_in": 240914,
  "tokens_out": 2375,
  "total_tokens": 243289,
  "tool_calls": 27,
  "cost_usd": 0.5008279999999999,
  "duration": "0:01:28.866104",
  "success": true
}