{
  "llm_calls": 115,
  "tokens_in": 244512,
  "tokens_out": 88368,
  "total_tokens": 2150480,
  "tool_calls": 50,
  "cost_usd": 1.1965450000000004,
  "duration": "0:31:57.535158",
  "success": false
}