{
  "llm_calls": 50,
  "tokens_in": 601684,
  "tokens_out": 3511,
  "total_tokens": 605195,
  "tool_calls": 50,
  "cost_usd": 1.2314560000000006,
  "duration": "0:02:07.685846",
  "success": false
}