{
  "llm_calls": 68,
  "tokens_in": 120972,
  "tokens_out": 76799,
  "total_tokens": 1275403,
  "tool_calls": 26,
  "cost_usd": 0.9752460000000001,
  "duration": "0:25:03.059951",
  "success": false
}