{
  "llm_calls": 20,
  "tokens_in": 340948,
  "tokens_out": 10069,
  "total_tokens": 351017,
  "tool_calls": 19,
  "cost_usd": 0.526875,
  "duration": "0:04:33.597904"
}