{
  "llm_calls": 49,
  "tokens_in": 1810906,
  "tokens_out": 5212,
  "total_tokens": 1816118,
  "tool_calls": 48,
  "cost_usd": 3.663507999999999,
  "duration": "0:02:59.691508",
  "success": false
}