{
  "llm_calls": 60,
  "tokens_in": 86,
  "tokens_out": 936,
  "total_tokens": 1022,
  "tool_calls": 50,
  "cost_usd": 1.4140937500000004,
  "duration": "0:04:23.186278",
  "success": true
}