{
  "llm_calls": 17,
  "tokens_in": 50950,
  "tokens_out": 4348,
  "total_tokens": 55298,
  "tool_calls": 7,
  "cost_usd": 0.10852149999999999,
  "duration": "0:01:54.654490",
  "success": true
}