{
  "llm_calls": 62,
  "tokens_in": 83040,
  "tokens_out": 27815,
  "total_tokens": 575367,
  "tool_calls": 26,
  "cost_usd": 0.3775685,
  "duration": "0:11:13.808449",
  "success": true
}