{
  "llm_calls": 23,
  "tokens_in": 321053,
  "tokens_out": 3549,
  "total_tokens": 324602,
  "tool_calls": 22,
  "cost_usd": 0.31843775,
  "duration": "0:01:03.280448",
  "success": true
}