{
  "llm_calls": 5,
  "tokens_in": 10756,
  "tokens_out": 1330,
  "total_tokens": 12086,
  "tool_calls": 4,
  "cost_usd": 0.026744999999999998,
  "duration": "0:00:29.167744",
  "success": true
}