{
  "llm_calls": 227,
  "tokens_in": 131,
  "tokens_out": 98234,
  "total_tokens": 98365,
  "tool_calls": 130,
  "cost_usd": 8.851993749999997,
  "duration": "0:35:56.656629",
  "success": false
}