{
  "llm_calls": 84,
  "tokens_in": 194703,
  "tokens_out": 80037,
  "total_tokens": 1282356,
  "tool_calls": 35,
  "cost_usd": 1.0625441499999997,
  "duration": "0:34:54.397245",
  "success": false
}