{
  "llm_calls": 12,
  "tokens_in": 16277,
  "tokens_out": 12115,
  "total_tokens": 70632,
  "tool_calls": 5,
  "cost_usd": 0.13323585000000002,
  "duration": "0:04:48.312750",
  "success": true
}