{
  "llm_calls": 50,
  "tokens_in": 1564633,
  "tokens_out": 12999,
  "total_tokens": 1577632,
  "tool_calls": 50,
  "cost_usd": 2.0857812499999997,
  "duration": "0:05:47.945514",
  "success": false
}