{
  "llm_calls": 50,
  "tokens_in": 1554128,
  "tokens_out": 13890,
  "total_tokens": 1568018,
  "tool_calls": 50,
  "cost_usd": 2.0815600000000005,
  "duration": "0:06:04.968786",
  "success": false
}