{
  "llm_calls": 110,
  "tokens_in": 87640,
  "tokens_out": 38928,
  "total_tokens": 1008616,
  "tool_calls": 50,
  "cost_usd": 0.4985148999999999,
  "duration": "0:15:00.076388",
  "success": false
}