{
  "llm_calls": 41,
  "tokens_in": 216050,
  "tokens_out": 17836,
  "total_tokens": 233886,
  "tool_calls": 17,
  "cost_usd": 0.45941475000000015,
  "duration": "0:06:51.280853",
  "success": true
}