{
  "llm_calls": 66,
  "tokens_in": 80192,
  "tokens_out": 49727,
  "total_tokens": 747263,
  "tool_calls": 28,
  "cost_usd": 0.6044731000000002,
  "duration": "0:21:23.740115",
  "success": false
}