{
  "llm_calls": 11,
  "tokens_in": 63393,
  "tokens_out": 8105,
  "total_tokens": 71498,
  "tool_calls": 10,
  "cost_usd": 0.16029125000000002,
  "duration": "0:02:48.113513"
}