{
  "llm_calls": 5,
  "tokens_in": 5657,
  "tokens_out": 909,
  "total_tokens": 8486,
  "tool_calls": 2,
  "cost_usd": 0.012823850000000001,
  "duration": "0:00:19.039972",
  "success": true
}