{
  "llm_calls": 40,
  "tokens_in": 42987,
  "tokens_out": 30362,
  "total_tokens": 358533,
  "tool_calls": 17,
  "cost_usd": 0.32911685000000007,
  "duration": "0:09:05.914395",
  "success": true
}