{
  "llm_calls": 11,
  "tokens_in": 31928,
  "tokens_out": 1268,
  "total_tokens": 33196,
  "tool_calls": 10,
  "cost_usd": 0.07400000000000001,
  "duration": "0:00:30.792877",
  "success": true
}