{
  "llm_calls": 60,
  "tokens_in": 106856,
  "tokens_out": 108169,
  "total_tokens": 874097,
  "tool_calls": 21,
  "cost_usd": 1.2261451000000003,
  "duration": "0:38:09.942006",
  "success": true
}