{
  "llm_calls": 101,
  "tokens_in": 176885,
  "tokens_out": 102345,
  "total_tokens": 1345086,
  "tool_calls": 38,
  "cost_usd": 1.19170555,
  "duration": "0:41:16.125664",
  "success": true
}