{
  "llm_calls": 3,
  "tokens_in": 6717,
  "tokens_out": 194,
  "total_tokens": 6911,
  "tool_calls": 2,
  "cost_usd": 0.014986000000000003,
  "duration": "0:00:05.146430",
  "success": true
}