{
  "llm_calls": 50,
  "tokens_in": 602186,
  "tokens_out": 12953,
  "total_tokens": 615139,
  "tool_calls": 50,
  "cost_usd": 0.8822625,
  "duration": "0:05:44.125089",
  "success": false
}