{
  "llm_calls": 13,
  "tokens_in": 89616,
  "tokens_out": 6914,
  "total_tokens": 96530,
  "tool_calls": 12,
  "cost_usd": 0.18116000000000002,
  "duration": "0:02:33.469398",
  "success": true
}