{
  "llm_calls": 107,
  "tokens_in": 99071,
  "tokens_out": 58085,
  "total_tokens": 1570148,
  "tool_calls": 50,
  "cost_usd": 0.7106200499999997,
  "duration": "0:22:47.535895",
  "success": false
}