{
  "llm_calls": 32,
  "tokens_in": 48612,
  "tokens_out": 17851,
  "total_tokens": 256927,
  "tool_calls": 14,
  "cost_usd": 0.23070100000000002,
  "duration": "0:06:31.657957",
  "success": true
}