{
  "llm_calls": 107,
  "tokens_in": 153524,
  "tokens_out": 44678,
  "total_tokens": 2569274,
  "tool_calls": 50,
  "cost_usd": 0.7951854000000003,
  "duration": "0:17:50.483815",
  "success": false
}