{
  "llm_calls": 4,
  "tokens_in": 6626,
  "tokens_out": 935,
  "total_tokens": 7561,
  "tool_calls": 3,
  "cost_usd": 0.017632500000000002,
  "duration": "0:00:23.690194",
  "success": true
}