{
  "llm_calls": 21,
  "tokens_in": 153630,
  "tokens_out": 6564,
  "total_tokens": 160194,
  "tool_calls": 20,
  "cost_usd": 0.2576775,
  "duration": "0:03:00.985376"
}