{
  "llm_calls": 8,
  "tokens_in": 40818,
  "tokens_out": 4647,
  "total_tokens": 45465,
  "tool_calls": 7,
  "cost_usd": 0.09749250000000001,
  "duration": "0:01:46.217239",
  "success": true
}