{
  "llm_calls": 21,
  "tokens_in": 245887,
  "tokens_out": 9265,
  "total_tokens": 255152,
  "tool_calls": 20,
  "cost_usd": 0.40000875,
  "duration": "0:03:44.700636"
}