{
  "llm_calls": 125,
  "tokens_in": 147451,
  "tokens_out": 95080,
  "total_tokens": 1973859,
  "tool_calls": 50,
  "cost_usd": 1.2170313500000005,
  "duration": "0:41:31.311285",
  "success": false
}