{
  "llm_calls": 127,
  "tokens_in": 323618,
  "tokens_out": 101265,
  "total_tokens": 2549555,
  "tool_calls": 49,
  "cost_usd": 1.5298866999999998,
  "duration": "0:28:42.979641",
  "success": false
}