{
  "llm_calls": 50,
  "tokens_in": 949683,
  "tokens_out": 20836,
  "total_tokens": 970519,
  "tool_calls": 50,
  "cost_usd": 1.3954637500000002,
  "duration": "0:08:23.428939",
  "success": false
}