{
  "llm_calls": 50,
  "tokens_in": 1072702,
  "tokens_out": 19362,
  "total_tokens": 1092064,
  "tool_calls": 50,
  "cost_usd": 1.5344974999999998,
  "duration": "0:07:39.312081",
  "success": false
}