{
  "llm_calls": 26,
  "tokens_in": 25924,
  "tokens_out": 11955,
  "total_tokens": 150647,
  "tool_calls": 11,
  "cost_usd": 0.1429292,
  "duration": "0:05:39.534960",
  "success": true
}