{
  "llm_calls": 118,
  "tokens_in": 329575,
  "tokens_out": 90201,
  "total_tokens": 2145984,
  "tool_calls": 50,
  "cost_usd": 1.3461289500000002,
  "duration": "0:30:14.890340",
  "success": false
}