{
  "llm_calls": 50,
  "tokens_in": 1239256,
  "tokens_out": 3959,
  "total_tokens": 1243215,
  "tool_calls": 50,
  "cost_usd": 2.510184,
  "duration": "0:02:20.543077",
  "success": false
}