{
  "llm_calls": 4,
  "tokens_in": 5668,
  "tokens_out": 826,
  "total_tokens": 6494,
  "tool_calls": 3,
  "cost_usd": 0.015345000000000001,
  "duration": "0:00:21.198092",
  "success": true
}