{
  "llm_calls": 110,
  "tokens_in": 298986,
  "tokens_out": 52743,
  "total_tokens": 1547505,
  "tool_calls": 50,
  "cost_usd": 0.8764691999999997,
  "duration": "0:23:46.319726",
  "success": false
}