{
  "llm_calls": 10,
  "tokens_in": 24854,
  "tokens_out": 835,
  "total_tokens": 25689,
  "tool_calls": 9,
  "cost_usd": 0.05638800000000001,
  "duration": "0:00:27.268915",
  "success": true
}