{
  "llm_calls": 27,
  "tokens_in": 78443,
  "tokens_out": 5623,
  "total_tokens": 168418,
  "tool_calls": 12,
  "cost_usd": 0.13443244999999998,
  "duration": "0:02:22.773444",
  "success": true
}