{
  "llm_calls": 108,
  "tokens_in": 402959,
  "tokens_out": 34653,
  "total_tokens": 2067180,
  "tool_calls": 50,
  "cost_usd": 0.9163061499999995,
  "duration": "0:15:35.539710",
  "success": false
}