{
  "llm_calls": 17,
  "tokens_in": 509476,
  "tokens_out": 7951,
  "total_tokens": 517427,
  "tool_calls": 16,
  "cost_usd": 0.716355,
  "duration": "0:02:06.429070"
}