{
  "llm_calls": 6,
  "tokens_in": 10637,
  "tokens_out": 7741,
  "total_tokens": 22474,
  "tool_calls": 2,
  "cost_usd": 0.08683155000000001,
  "duration": "0:03:59.710027",
  "success": true
}