{
  "llm_calls": 50,
  "tokens_in": 900821,
  "tokens_out": 6259,
  "total_tokens": 907080,
  "tool_calls": 50,
  "cost_usd": 1.8517140000000003,
  "duration": "0:03:23.058159",
  "success": false
}