{
  "llm_calls": 46,
  "tokens_in": 1410321,
  "tokens_out": 27489,
  "total_tokens": 1437810,
  "tool_calls": 45,
  "cost_usd": 2.03779125,
  "duration": "0:11:17.491803",
  "success": false
}