{
  "llm_calls": 35,
  "tokens_in": 456355,
  "tokens_out": 15654,
  "total_tokens": 472009,
  "tool_calls": 34,
  "cost_usd": 0.7269837499999999,
  "duration": "0:06:42.269946",
  "success": false
}