{
  "llm_calls": 21,
  "tokens_in": 132044,
  "tokens_out": 8810,
  "total_tokens": 140854,
  "tool_calls": 20,
  "cost_usd": 0.253155,
  "duration": "0:03:08.570215"
}