{
  "llm_calls": 21,
  "tokens_in": 306810,
  "tokens_out": 7335,
  "total_tokens": 314145,
  "tool_calls": 20,
  "cost_usd": 0.4568625,
  "duration": "0:02:51.518946"
}