{
  "llm_calls": 21,
  "tokens_in": 28818,
  "tokens_out": 9541,
  "total_tokens": 179031,
  "tool_calls": 20,
  "cost_usd": 0.14901650000000002,
  "duration": "0:04:27.367017",
  "success": true
}