{
  "llm_calls": 41,
  "tokens_in": 1405127,
  "tokens_out": 15947,
  "total_tokens": 1421074,
  "tool_calls": 40,
  "cost_usd": 1.3860907500000004,
  "duration": "0:04:34.026582",
  "success": true
}