{
  "llm_calls": 50,
  "tokens_in": 878889,
  "tokens_out": 23283,
  "total_tokens": 902172,
  "tool_calls": 50,
  "cost_usd": 1.3314412500000001,
  "duration": "0:09:00.799188",
  "success": false
}