{
  "llm_calls": 21,
  "tokens_in": 165620,
  "tokens_out": 7603,
  "total_tokens": 173223,
  "tool_calls": 20,
  "cost_usd": 0.283055,
  "duration": "0:02:57.809671"
}