{
  "llm_calls": 26,
  "tokens_in": 30020,
  "tokens_out": 16180,
  "total_tokens": 191992,
  "tool_calls": 11,
  "cost_usd": 0.1865798,
  "duration": "0:06:44.567405",
  "success": true
}