{
  "llm_calls": 67,
  "tokens_in": 488872,
  "tokens_out": 48771,
  "total_tokens": 537643,
  "tool_calls": 26,
  "cost_usd": 1.12976725,
  "duration": "0:18:49.916860",
  "success": false
}