{
  "llm_calls": 50,
  "tokens_in": 1368840,
  "tokens_out": 3837,
  "total_tokens": 1372677,
  "tool_calls": 50,
  "cost_usd": 2.768376,
  "duration": "0:03:10.821719",
  "success": false
}