{
  "llm_calls": 21,
  "tokens_in": 154641,
  "tokens_out": 9705,
  "total_tokens": 164346,
  "tool_calls": 20,
  "cost_usd": 0.29035125,
  "duration": "0:03:39.858079"
}