{
  "llm_calls": 50,
  "tokens_in": 2038211,
  "tokens_out": 4239,
  "total_tokens": 2042450,
  "tool_calls": 50,
  "cost_usd": 4.110334000000001,
  "duration": "0:03:13.027287",
  "success": false
}