{
  "llm_calls": 50,
  "tokens_in": 361438,
  "tokens_out": 3499,
  "total_tokens": 364937,
  "tool_calls": 50,
  "cost_usd": 0.7508680000000001,
  "duration": "0:02:04.940050",
  "success": false
}