{
  "llm_calls": 51,
  "tokens_in": 63387,
  "tokens_out": 48893,
  "total_tokens": 414232,
  "tool_calls": 18,
  "cost_usd": 0.5179662499999999,
  "duration": "0:15:01.045895",
  "success": true
}