{
  "llm_calls": 6,
  "tokens_in": 8778,
  "tokens_out": 8269,
  "total_tokens": 23575,
  "tool_calls": 2,
  "cost_usd": 0.09087540000000001,
  "duration": "0:03:01.896488",
  "success": true
}