{
  "llm_calls": 53,
  "tokens_in": 1782136,
  "tokens_out": 16450,
  "total_tokens": 1798586,
  "tool_calls": 52,
  "cost_usd": 1.568998749999999,
  "duration": "0:04:59.473646",
  "success": true
}