{
  "llm_calls": 28,
  "tokens_in": 21183,
  "tokens_out": 13427,
  "total_tokens": 168882,
  "tool_calls": 13,
  "cost_usd": 0.15362505,
  "duration": "0:06:08.286035",
  "success": true
}