{
  "llm_calls": 50,
  "tokens_in": 838578,
  "tokens_out": 4331,
  "total_tokens": 842909,
  "tool_calls": 50,
  "cost_usd": 1.7118039999999997,
  "duration": "0:04:08.715689",
  "success": false
}