{
  "llm_calls": 45,
  "tokens_in": 424720,
  "tokens_out": 3415,
  "total_tokens": 428135,
  "tool_calls": 44,
  "cost_usd": 0.8767599999999999,
  "duration": "0:02:16.771213",
  "success": true
}