{
  "llm_calls": 19,
  "tokens_in": 13506,
  "tokens_out": 2671,
  "total_tokens": 63793,
  "tool_calls": 9,
  "cost_usd": 0.03589710000000001,
  "duration": "0:01:10.398386",
  "success": true
}