{
  "llm_calls": 33,
  "tokens_in": 43909,
  "tokens_out": 24334,
  "total_tokens": 309907,
  "tool_calls": 15,
  "cost_usd": 0.29099605,
  "duration": "0:08:29.475267",
  "success": false
}