{
  "llm_calls": 17,
  "tokens_in": 19385,
  "tokens_out": 5278,
  "total_tokens": 108631,
  "tool_calls": 17,
  "cost_usd": 0.08750725000000001,
  "duration": "0:02:15.981461",
  "success": false
}