{
  "llm_calls": 11,
  "tokens_in": 41998,
  "tokens_out": 1214,
  "total_tokens": 43212,
  "tool_calls": 10,
  "cost_usd": 0.09370799999999999,
  "duration": "0:00:38.541934",
  "success": true
}