{
  "llm_calls": 50,
  "tokens_in": 847055,
  "tokens_out": 4416,
  "total_tokens": 851471,
  "tool_calls": 50,
  "cost_usd": 1.7294379999999998,
  "duration": "0:02:32.008116",
  "success": false
}