{
  "llm_calls": 50,
  "tokens_in": 4331275,
  "tokens_out": 5871,
  "total_tokens": 4337146,
  "tool_calls": 50,
  "cost_usd": 8.709518000000003,
  "duration": "0:04:49.235255",
  "success": false
}