{
  "llm_calls": 4,
  "tokens_in": 5959,
  "tokens_out": 11690,
  "total_tokens": 24817,
  "tool_calls": 1,
  "cost_usd": 0.11636995000000003,
  "duration": "0:03:13.546911",
  "success": true
}