{
  "llm_calls": 50,
  "tokens_in": 627107,
  "tokens_out": 13798,
  "total_tokens": 640905,
  "tool_calls": 50,
  "cost_usd": 0.9218637499999999,
  "duration": "0:06:00.823612",
  "success": false
}