{
  "llm_calls": 77,
  "tokens_in": 667958,
  "tokens_out": 72301,
  "total_tokens": 740259,
  "tool_calls": 29,
  "cost_usd": 1.5997459999999997,
  "duration": "0:27:16.906527",
  "success": false
}