{
  "llm_calls": 16,
  "tokens_in": 14046,
  "tokens_out": 10066,
  "total_tokens": 72624,
  "tool_calls": 7,
  "cost_usd": 0.11037229999999998,
  "duration": "0:03:35.674907",
  "success": true
}