{
  "llm_calls": 41,
  "tokens_in": 769662,
  "tokens_out": 23836,
  "total_tokens": 793498,
  "tool_calls": 40,
  "cost_usd": 1.2004375,
  "duration": "0:07:57.648172",
  "success": false
}