{
  "llm_calls": 51,
  "tokens_in": 2541710,
  "tokens_out": 18753,
  "total_tokens": 2560463,
  "tool_calls": 70,
  "cost_usd": 2.1004089999999995,
  "duration": "0:08:10.021953",
  "success": false
}