{
  "llm_calls": 20,
  "tokens_in": 14747,
  "tokens_out": 11477,
  "total_tokens": 92144,
  "tool_calls": 9,
  "cost_usd": 0.11675135000000002,
  "duration": "0:04:16.687468",
  "success": true
}