{
  "llm_calls": 20,
  "tokens_in": 13842,
  "tokens_out": 15021,
  "total_tokens": 91711,
  "tool_calls": 6,
  "cost_usd": 0.15633960000000002,
  "duration": "0:04:58.570923",
  "success": true
}