{
  "llm_calls": 27,
  "tokens_in": 40281,
  "tokens_out": 7204,
  "total_tokens": 153213,
  "tool_calls": 11,
  "cost_usd": 0.11306295000000002,
  "duration": "0:02:55.338668",
  "success": true
}