{
  "llm_calls": 49,
  "tokens_in": 983255,
  "tokens_out": 7969,
  "total_tokens": 991224,
  "tool_calls": 48,
  "cost_usd": 1.0312285,
  "duration": "0:02:49.709105",
  "success": true
}