{
  "llm_calls": 26,
  "tokens_in": 17191,
  "tokens_out": 29871,
  "total_tokens": 145622,
  "tool_calls": 6,
  "cost_usd": 0.31020165000000005,
  "duration": "0:10:57.227188",
  "success": false
}