{
  "llm_calls": 24,
  "tokens_in": 25353,
  "tokens_out": 10091,
  "total_tokens": 131828,
  "tool_calls": 11,
  "cost_usd": 0.11884505000000002,
  "duration": "0:04:09.835606",
  "success": true
}