{
  "llm_calls": 50,
  "tokens_in": 557025,
  "tokens_out": 4256,
  "total_tokens": 561281,
  "tool_calls": 50,
  "cost_usd": 1.1480980000000005,
  "duration": "0:02:55.023968",
  "success": false
}