{
  "llm_calls": 23,
  "tokens_in": 22395,
  "tokens_out": 5327,
  "total_tokens": 89674,
  "tool_calls": 11,
  "cost_usd": 0.06949475000000001,
  "duration": "0:02:13.960362",
  "success": true
}