{
  "llm_calls": 50,
  "tokens_in": 1035839,
  "tokens_out": 8578,
  "total_tokens": 1044417,
  "tool_calls": 50,
  "cost_usd": 2.1403019999999997,
  "duration": "0:04:01.131023",
  "success": false
}