{
  "llm_calls": 113,
  "tokens_in": 173146,
  "tokens_out": 60267,
  "total_tokens": 2971845,
  "tool_calls": 50,
  "cost_usd": 0.9767800000000005,
  "duration": "0:24:37.579062",
  "success": false
}