{
  "llm_calls": 50,
  "tokens_in": 1003293,
  "tokens_out": 23047,
  "total_tokens": 1026340,
  "tool_calls": 50,
  "cost_usd": 1.4845862500000002,
  "duration": "0:08:01.156914",
  "success": false
}