{
  "llm_calls": 31,
  "tokens_in": 544073,
  "tokens_out": 5536,
  "total_tokens": 549609,
  "tool_calls": 30,
  "cost_usd": 0.64126525,
  "duration": "0:01:57.245908",
  "success": true
}