{
  "llm_calls": 17,
  "tokens_in": 224162,
  "tokens_out": 10768,
  "total_tokens": 234930,
  "tool_calls": 16,
  "cost_usd": 0.3878824999999999,
  "duration": "0:04:42.361300"
}