{
  "llm_calls": 21,
  "tokens_in": 149587,
  "tokens_out": 7684,
  "total_tokens": 157271,
  "tool_calls": 20,
  "cost_usd": 0.26382375,
  "duration": "0:02:52.734407"
}