{
  "llm_calls": 102,
  "tokens_in": 114182,
  "tokens_out": 19460,
  "total_tokens": 2232458,
  "tool_calls": 50,
  "cost_usd": 0.5036045000000001,
  "duration": "0:08:18.127467",
  "success": false
}