{
  "llm_calls": 37,
  "tokens_in": 164034,
  "tokens_out": 12353,
  "total_tokens": 176387,
  "tool_calls": 16,
  "cost_usd": 0.334608,
  "duration": "0:04:32.122438",
  "success": true
}