{
  "llm_calls": 5,
  "tokens_in": 13559,
  "tokens_out": 301,
  "total_tokens": 13860,
  "tool_calls": 4,
  "cost_usd": 0.029526000000000004,
  "duration": "0:00:13.637413",
  "success": true
}