{
  "llm_calls": 42,
  "tokens_in": 1305986,
  "tokens_out": 19758,
  "total_tokens": 1325744,
  "tool_calls": 41,
  "cost_usd": 1.8300625000000001,
  "duration": "0:10:40.091473",
  "success": false
}