{
  "llm_calls": 57,
  "tokens_in": 72461,
  "tokens_out": 25630,
  "total_tokens": 601259,
  "tool_calls": 27,
  "cost_usd": 0.33498235,
  "duration": "0:10:00.894990",
  "success": true
}