{
  "llm_calls": 111,
  "tokens_in": 1798938,
  "tokens_out": 81897,
  "total_tokens": 1880835,
  "tool_calls": 48,
  "cost_usd": 3.1716792500000004,
  "duration": "0:23:41.190264",
  "success": true
}