{
  "llm_calls": 28,
  "tokens_in": 30422,
  "tokens_out": 15324,
  "total_tokens": 163250,
  "tool_calls": 13,
  "cost_usd": 0.1747284,
  "duration": "0:05:37.619938",
  "success": true
}