{
  "llm_calls": 66,
  "tokens_in": 58918,
  "tokens_out": 50365,
  "total_tokens": 721635,
  "tool_calls": 27,
  "cost_usd": 0.5848220000000001,
  "duration": "0:19:05.631191",
  "success": false
}