{
  "llm_calls": 92,
  "tokens_in": 185053,
  "tokens_out": 62760,
  "total_tokens": 1415173,
  "tool_calls": 39,
  "cost_usd": 0.8628255500000002,
  "duration": "0:22:59.271232",
  "success": false
}