{
  "llm_calls": 54,
  "tokens_in": 87314,
  "tokens_out": 27905,
  "total_tokens": 559763,
  "tool_calls": 24,
  "cost_usd": 0.36158340000000005,
  "duration": "0:12:42.831150",
  "success": true
}