{
  "llm_calls": 64,
  "tokens_in": 121349,
  "tokens_out": 30514,
  "total_tokens": 735031,
  "tool_calls": 24,
  "cost_usd": 0.46937875,
  "duration": "0:10:27.865078",
  "success": true
}