{
  "llm_calls": 21,
  "tokens_in": 296839,
  "tokens_out": 6795,
  "total_tokens": 303634,
  "tool_calls": 20,
  "cost_usd": 0.43899875000000005,
  "duration": "0:03:09.415736",
  "success": true
}