{
  "llm_calls": 32,
  "tokens_in": 43294,
  "tokens_out": 18404,
  "total_tokens": 308226,
  "tool_calls": 15,
  "cost_usd": 0.23356519999999997,
  "duration": "0:06:16.694011",
  "success": true
}