{
  "llm_calls": 12,
  "tokens_in": 101835,
  "tokens_out": 2833,
  "total_tokens": 104668,
  "tool_calls": 11,
  "cost_usd": 0.15562375,
  "duration": "0:01:14.752537",
  "success": true
}