{
  "llm_calls": 51,
  "tokens_in": 2512168,
  "tokens_out": 23083,
  "total_tokens": 2535251,
  "tool_calls": 63,
  "cost_usd": 2.25416325,
  "duration": "0:07:14.104125",
  "success": false
}