{
  "llm_calls": 43,
  "tokens_in": 36397,
  "tokens_out": 13519,
  "total_tokens": 234108,
  "tool_calls": 20,
  "cost_usd": 0.15084704999999998,
  "duration": "0:05:09.776558",
  "success": true
}