{
  "llm_calls": 60,
  "tokens_in": 39456,
  "tokens_out": 27132,
  "total_tokens": 646940,
  "tool_calls": 28,
  "cost_usd": 0.3321532,
  "duration": "0:12:42.737626",
  "success": true
}