{
  "llm_calls": 10,
  "tokens_in": 9362,
  "tokens_out": 9557,
  "total_tokens": 43111,
  "tool_calls": 4,
  "cost_usd": 0.10284649999999998,
  "duration": "0:04:16.033888",
  "success": true
}