{
  "llm_calls": 35,
  "tokens_in": 35936,
  "tokens_out": 6761,
  "total_tokens": 255049,
  "tool_calls": 17,
  "cost_usd": 0.10304420000000002,
  "duration": "0:02:23.823792",
  "success": true
}