{
  "llm_calls": 21,
  "tokens_in": 147240,
  "tokens_out": 8151,
  "total_tokens": 155391,
  "tool_calls": 20,
  "cost_usd": 0.2655600000000001,
  "duration": "0:01:54.463797"
}