{
  "llm_calls": 50,
  "tokens_in": 792538,
  "tokens_out": 15772,
  "total_tokens": 808310,
  "tool_calls": 50,
  "cost_usd": 1.1483925000000001,
  "duration": "0:06:02.646560",
  "success": false
}