{
  "llm_calls": 32,
  "tokens_in": 47134,
  "tokens_out": 27006,
  "total_tokens": 216988,
  "tool_calls": 11,
  "cost_usd": 0.31886460000000005,
  "duration": "0:10:28.317190",
  "success": false
}