{
  "llm_calls": 50,
  "tokens_in": 884811,
  "tokens_out": 20239,
  "total_tokens": 905050,
  "tool_calls": 50,
  "cost_usd": 1.30840375,
  "duration": "0:08:04.920966",
  "success": false
}