{
  "llm_calls": 18,
  "tokens_in": 80569,
  "tokens_out": 2127,
  "total_tokens": 82696,
  "tool_calls": 17,
  "cost_usd": 0.17815400000000003,
  "duration": "0:01:01.699346",
  "success": true
}