{
  "llm_calls": 50,
  "tokens_in": 847875,
  "tokens_out": 21728,
  "total_tokens": 869603,
  "tool_calls": 50,
  "cost_usd": 1.2771237500000001,
  "duration": "0:08:12.809579",
  "success": false
}