{
  "llm_calls": 119,
  "tokens_in": 314020,
  "tokens_out": 114168,
  "total_tokens": 1454748,
  "tool_calls": 46,
  "cost_usd": 1.5432538999999998,
  "duration": "0:44:37.874643",
  "success": false
}