{
  "llm_calls": 3,
  "tokens_in": 6890,
  "tokens_out": 187,
  "total_tokens": 7077,
  "tool_calls": 2,
  "cost_usd": 0.015276000000000001,
  "duration": "0:00:05.768090",
  "success": true
}