{
  "llm_calls": 76,
  "tokens_in": 119738,
  "tokens_out": 57691,
  "total_tokens": 1341717,
  "tool_calls": 34,
  "cost_usd": 0.7665639999999999,
  "duration": "0:22:18.996584",
  "success": false
}