{
  "llm_calls": 111,
  "tokens_in": 168141,
  "tokens_out": 65824,
  "total_tokens": 1562477,
  "tool_calls": 50,
  "cost_usd": 0.9108304500000001,
  "duration": "0:28:08.671056",
  "success": false
}