{
  "llm_calls": 46,
  "tokens_in": 39180,
  "tokens_out": 32185,
  "total_tokens": 428229,
  "tool_calls": 20,
  "cost_usd": 0.35178020000000004,
  "duration": "0:13:08.831073",
  "success": true
}