{
  "llm_calls": 30,
  "tokens_in": 52085,
  "tokens_out": 23111,
  "total_tokens": 293692,
  "tool_calls": 14,
  "cost_usd": 0.29327004999999995,
  "duration": "0:11:12.445924",
  "success": true
}