{
  "llm_calls": 20,
  "tokens_in": 744355,
  "tokens_out": 28896,
  "total_tokens": 773251,
  "tool_calls": 19,
  "cost_usd": 1.2194037500000001,
  "duration": "0:12:58.318984",
  "success": false
}