{
  "llm_calls": 113,
  "tokens_in": 133273,
  "tokens_out": 116836,
  "total_tokens": 1523837,
  "tool_calls": 41,
  "cost_usd": 1.3429113499999992,
  "duration": "0:42:20.225439",
  "success": false
}