{
  "llm_calls": 45,
  "tokens_in": 850674,
  "tokens_out": 30083,
  "total_tokens": 880757,
  "tool_calls": 44,
  "cost_usd": 1.3641725,
  "duration": "0:10:20.147202",
  "success": false
}