{
  "llm_calls": 19,
  "tokens_in": 131041,
  "tokens_out": 4919,
  "total_tokens": 135960,
  "tool_calls": 18,
  "cost_usd": 0.21299125000000002,
  "duration": "0:01:54.523130",
  "success": true
}