{
  "llm_calls": 98,
  "tokens_in": 243020,
  "tokens_out": 82777,
  "total_tokens": 1687333,
  "tool_calls": 41,
  "cost_usd": 1.1191398000000004,
  "duration": "0:28:03.990139",
  "success": false
}