{
  "llm_calls": 23,
  "tokens_in": 130323,
  "tokens_out": 34629,
  "total_tokens": 164952,
  "tool_calls": 22,
  "cost_usd": 0.537678,
  "duration": "0:07:49.310158",
  "success": false
}