{
  "llm_calls": 20,
  "tokens_in": 129319,
  "tokens_out": 5407,
  "total_tokens": 134726,
  "tool_calls": 19,
  "cost_usd": 0.21571875,
  "duration": "0:02:38.902136",
  "success": true
}