{
  "llm_calls": 125,
  "tokens_in": 1532504,
  "tokens_out": 144412,
  "total_tokens": 1676916,
  "tool_calls": 40,
  "cost_usd": 3.4842850000000016,
  "duration": "0:35:15.701396",
  "success": false
}