{
  "llm_calls": 34,
  "tokens_in": 17140,
  "tokens_out": 17576,
  "total_tokens": 197916,
  "tool_calls": 16,
  "cost_usd": 0.1829148,
  "duration": "0:06:58.668964",
  "success": true
}