{
  "llm_calls": 81,
  "tokens_in": 999593,
  "tokens_out": 73557,
  "total_tokens": 1073150,
  "tool_calls": 30,
  "cost_usd": 2.0359492499999994,
  "duration": "0:23:46.987219",
  "success": false
}