{
  "llm_calls": 50,
  "tokens_in": 446300,
  "tokens_out": 5633,
  "total_tokens": 451933,
  "tool_calls": 50,
  "cost_usd": 0.9376639999999998,
  "duration": "0:02:09.077241",
  "success": false
}