{
  "llm_calls": 104,
  "tokens_in": 244310,
  "tokens_out": 28530,
  "total_tokens": 1433032,
  "tool_calls": 50,
  "cost_usd": 0.6150240000000001,
  "duration": "0:11:40.205876",
  "success": false
}