{
  "llm_calls": 50,
  "tokens_in": 496255,
  "tokens_out": 4143,
  "total_tokens": 500398,
  "tool_calls": 50,
  "cost_usd": 1.0256539999999998,
  "duration": "0:02:34.069224",
  "success": false
}