{
  "llm_calls": 88,
  "tokens_in": 187155,
  "tokens_out": 58961,
  "total_tokens": 1332580,
  "tool_calls": 37,
  "cost_usd": 0.8276209500000002,
  "duration": "0:26:28.792541",
  "success": false
}