{
  "llm_calls": 22,
  "tokens_in": 29920,
  "tokens_out": 22823,
  "total_tokens": 153991,
  "tool_calls": 9,
  "cost_usd": 0.25733190000000006,
  "duration": "0:08:37.025843",
  "success": false
}