{
  "llm_calls": 49,
  "tokens_in": 801831,
  "tokens_out": 26318,
  "total_tokens": 828149,
  "tool_calls": 48,
  "cost_usd": 1.2654687499999997,
  "duration": "0:09:25.907226",
  "success": true
}