{
  "llm_calls": 108,
  "tokens_in": 262467,
  "tokens_out": 47204,
  "total_tokens": 2490663,
  "tool_calls": 50,
  "cost_usd": 0.92921615,
  "duration": "0:17:09.795141",
  "success": false
}