{
  "llm_calls": 86,
  "tokens_in": 94922,
  "tokens_out": 67742,
  "total_tokens": 1149032,
  "tool_calls": 35,
  "cost_usd": 0.7802940000000006,
  "duration": "0:26:17.853985",
  "success": false
}