{
  "llm_calls": 21,
  "tokens_in": 178318,
  "tokens_out": 7201,
  "total_tokens": 185519,
  "tool_calls": 20,
  "cost_usd": 0.2949075,
  "duration": "0:02:24.392031"
}