{
  "llm_calls": 100,
  "tokens_in": 206770,
  "tokens_out": 19082,
  "total_tokens": 2029244,
  "tool_calls": 50,
  "cost_usd": 0.5690193000000002,
  "duration": "0:09:54.630810",
  "success": false
}