{
  "llm_calls": 50,
  "tokens_in": 1278755,
  "tokens_out": 27384,
  "total_tokens": 1306139,
  "tool_calls": 50,
  "cost_usd": 1.87228375,
  "duration": "0:10:25.768766",
  "success": false
}