{
  "llm_calls": 50,
  "tokens_in": 1972309,
  "tokens_out": 5187,
  "total_tokens": 1977496,
  "tool_calls": 49,
  "cost_usd": 3.9861140000000006,
  "duration": "0:04:26.855611",
  "success": false
}