{
  "llm_calls": 44,
  "tokens_in": 54180,
  "tokens_out": 24910,
  "total_tokens": 554994,
  "tool_calls": 20,
  "cost_usd": 0.3080880000000001,
  "duration": "0:10:27.852240",
  "success": true
}