{
  "llm_calls": 68,
  "tokens_in": 60398,
  "tokens_out": 40418,
  "total_tokens": 833872,
  "tool_calls": 30,
  "cost_usd": 0.5023828999999999,
  "duration": "0:17:13.642016",
  "success": true
}