{
  "llm_calls": 123,
  "tokens_in": 146560,
  "tokens_out": 130758,
  "total_tokens": 1645126,
  "tool_calls": 50,
  "cost_usd": 1.5333146000000006,
  "duration": "0:47:25.132264",
  "success": false
}