{
  "llm_calls": 137,
  "tokens_in": 253192,
  "tokens_out": 85114,
  "total_tokens": 3308546,
  "tool_calls": 50,
  "cost_usd": 1.3250181,
  "duration": "0:27:44.255475",
  "success": false
}