{
  "llm_calls": 29,
  "tokens_in": 265728,
  "tokens_out": 3692,
  "total_tokens": 269420,
  "tool_calls": 28,
  "cost_usd": 0.5609919999999999,
  "duration": "0:02:03.539453",
  "success": true
}