{
  "llm_calls": 50,
  "tokens_in": 685638,
  "tokens_out": 5194,
  "total_tokens": 690832,
  "tool_calls": 50,
  "cost_usd": 1.4128280000000002,
  "duration": "0:02:39.556515",
  "success": false
}