{
  "llm_calls": 62,
  "tokens_in": 100,
  "tokens_out": 1014,
  "total_tokens": 1114,
  "tool_calls": 61,
  "cost_usd": 2.1932114999999994,
  "duration": "0:09:44.220703",
  "success": false
}