{
  "llm_calls": 108,
  "tokens_in": 177106,
  "tokens_out": 44792,
  "total_tokens": 1829322,
  "tool_calls": 50,
  "cost_usd": 0.7098321999999998,
  "duration": "0:16:11.781353",
  "success": false
}