{
  "llm_calls": 50,
  "tokens_in": 793345,
  "tokens_out": 23694,
  "total_tokens": 817039,
  "tool_calls": 50,
  "cost_usd": 1.22862125,
  "duration": "0:11:36.692297",
  "success": false
}