{
  "llm_calls": 109,
  "tokens_in": 187456,
  "tokens_out": 48495,
  "total_tokens": 1847087,
  "tool_calls": 50,
  "cost_usd": 0.7716562000000003,
  "duration": "0:18:58.774890",
  "success": false
}