{
  "llm_calls": 50,
  "tokens_in": 371128,
  "tokens_out": 37052,
  "total_tokens": 408180,
  "tool_calls": 50,
  "cost_usd": 1.0386720000000003,
  "duration": "0:11:32.026693",
  "success": false
}