{
  "llm_calls": 100,
  "tokens_in": 140078,
  "tokens_out": 78279,
  "total_tokens": 1673717,
  "tool_calls": 41,
  "cost_usd": 0.9998669000000003,
  "duration": "0:32:20.196287",
  "success": false
}