{
  "llm_calls": 46,
  "tokens_in": 999303,
  "tokens_out": 27358,
  "total_tokens": 1026661,
  "tool_calls": 45,
  "cost_usd": 1.52270875,
  "duration": "0:09:26.167789",
  "success": false
}