{
  "llm_calls": 23,
  "tokens_in": 261942,
  "tokens_out": 12751,
  "total_tokens": 274693,
  "tool_calls": 22,
  "cost_usd": 0.45493749999999994,
  "duration": "0:03:52.636944",
  "success": true
}