{
  "llm_calls": 105,
  "tokens_in": 160824,
  "tokens_out": 36806,
  "total_tokens": 1469950,
  "tool_calls": 50,
  "cost_usd": 0.5932435999999999,
  "duration": "0:15:22.022139",
  "success": false
}