{
  "llm_calls": 35,
  "tokens_in": 67058,
  "tokens_out": 17749,
  "total_tokens": 213831,
  "tool_calls": 14,
  "cost_usd": 0.24568009999999998,
  "duration": "0:05:47.882328",
  "success": true
}