{
  "llm_calls": 113,
  "tokens_in": 252060,
  "tokens_out": 74374,
  "total_tokens": 2076962,
  "tool_calls": 50,
  "cost_usd": 1.0695459000000003,
  "duration": "0:28:33.711747",
  "success": false
}