{
  "llm_calls": 50,
  "tokens_in": 1753701,
  "tokens_out": 20378,
  "total_tokens": 1774079,
  "tool_calls": 50,
  "cost_usd": 2.3959062499999995,
  "duration": "0:09:38.802638",
  "success": false
}