{
  "llm_calls": 42,
  "tokens_in": 955529,
  "tokens_out": 31685,
  "total_tokens": 987214,
  "tool_calls": 41,
  "cost_usd": 1.5112612500000002,
  "duration": "0:10:15.358041",
  "success": false
}