{
  "llm_calls": 10,
  "tokens_in": 16152,
  "tokens_out": 11610,
  "total_tokens": 61938,
  "tool_calls": 4,
  "cost_usd": 0.12481669999999997,
  "duration": "0:04:08.998374",
  "success": true
}