{
  "llm_calls": 20,
  "tokens_in": 229758,
  "tokens_out": 11709,
  "total_tokens": 241467,
  "tool_calls": 19,
  "cost_usd": 0.4042875,
  "duration": "0:05:50.516871",
  "success": true
}