{
  "llm_calls": 104,
  "tokens_in": 91571,
  "tokens_out": 30472,
  "total_tokens": 1294779,
  "tool_calls": 50,
  "cost_usd": 0.4243441499999998,
  "duration": "0:10:16.186004",
  "success": false
}