{
  "llm_calls": 116,
  "tokens_in": 80,
  "tokens_out": 25280,
  "total_tokens": 25360,
  "tool_calls": 78,
  "cost_usd": 2.493585500000001,
  "duration": "0:09:40.398659",
  "success": true
}