{
  "llm_calls": 114,
  "tokens_in": 267012,
  "tokens_out": 39647,
  "total_tokens": 1804387,
  "tool_calls": 50,
  "cost_usd": 0.7977919999999997,
  "duration": "0:20:19.512249",
  "success": false
}