{
  "llm_calls": 107,
  "tokens_in": 195497,
  "tokens_out": 56325,
  "total_tokens": 1864110,
  "tool_calls": 50,
  "cost_usd": 0.8021862500000003,
  "duration": "0:22:12.595589",
  "success": false
}