{
  "llm_calls": 105,
  "tokens_in": 383044,
  "tokens_out": 113036,
  "total_tokens": 4740176,
  "tool_calls": 43,
  "cost_usd": 1.6559002000000005,
  "duration": "0:46:38.050895",
  "success": false
}