{
  "llm_calls": 14,
  "tokens_in": 21606,
  "tokens_out": 20012,
  "total_tokens": 80402,
  "tool_calls": 5,
  "cost_usd": 0.19832509999999998,
  "duration": "0:05:53.762442",
  "success": true
}