{
  "llm_calls": 99,
  "tokens_in": 187702,
  "tokens_out": 53414,
  "total_tokens": 1913564,
  "tool_calls": 43,
  "cost_usd": 0.8511737999999999,
  "duration": "0:20:19.835999",
  "success": true
}