{
  "llm_calls": 36,
  "tokens_in": 32758,
  "tokens_out": 28930,
  "total_tokens": 262264,
  "tool_calls": 16,
  "cost_usd": 0.3091361000000001,
  "duration": "0:11:06.615311",
  "success": true
}