{
  "llm_calls": 84,
  "tokens_in": 124418,
  "tokens_out": 134968,
  "total_tokens": 981178,
  "tool_calls": 26,
  "cost_usd": 1.5183848,
  "duration": "0:53:01.781481",
  "success": false
}