{
  "llm_calls": 29,
  "tokens_in": 17251,
  "tokens_out": 5580,
  "total_tokens": 112431,
  "tool_calls": 14,
  "cost_usd": 0.06332805000000001,
  "duration": "0:02:16.612118",
  "success": true
}