{
  "llm_calls": 28,
  "tokens_in": 199938,
  "tokens_out": 2638,
  "total_tokens": 202576,
  "tool_calls": 27,
  "cost_usd": 0.42097999999999997,
  "duration": "0:01:08.388379",
  "success": true
}