{
  "llm_calls": 31,
  "tokens_in": 1771879,
  "tokens_out": 2638,
  "total_tokens": 1774517,
  "tool_calls": 30,
  "cost_usd": 3.564862,
  "duration": "0:03:07.190398",
  "success": true
}