{
  "llm_calls": 111,
  "tokens_in": 122591,
  "tokens_out": 41705,
  "total_tokens": 2030792,
  "tool_calls": 50,
  "cost_usd": 0.6765980499999997,
  "duration": "0:13:22.186478",
  "success": false
}