{
  "llm_calls": 106,
  "tokens_in": 418925,
  "tokens_out": 49273,
  "total_tokens": 1497190,
  "tool_calls": 50,
  "cost_usd": 1.00889025,
  "duration": "0:19:52.421217",
  "success": false
}