{
  "llm_calls": 49,
  "tokens_in": 301901,
  "tokens_out": 16120,
  "total_tokens": 318021,
  "tool_calls": 22,
  "cost_usd": 0.5537717500000001,
  "duration": "0:06:40.470634",
  "success": true
}