{
  "llm_calls": 43,
  "tokens_in": 84815,
  "tokens_out": 26595,
  "total_tokens": 651186,
  "tool_calls": 20,
  "cost_usd": 0.3660937500000001,
  "duration": "0:09:29.249224",
  "success": false
}