{
  "llm_calls": 50,
  "tokens_in": 924519,
  "tokens_out": 22014,
  "total_tokens": 946533,
  "tool_calls": 50,
  "cost_usd": 1.37578875,
  "duration": "0:07:49.876159",
  "success": false
}