{
  "llm_calls": 103,
  "tokens_in": 327534,
  "tokens_out": 38463,
  "total_tokens": 2678317,
  "tool_calls": 50,
  "cost_usd": 0.8830965,
  "duration": "0:19:34.821863",
  "success": false
}