{
  "llm_calls": 49,
  "tokens_in": 1536828,
  "tokens_out": 16519,
  "total_tokens": 1553347,
  "tool_calls": 48,
  "cost_usd": 2.086225,
  "duration": "0:09:43.532528",
  "success": false
}