{
  "llm_calls": 21,
  "tokens_in": 112287,
  "tokens_out": 5825,
  "total_tokens": 118112,
  "tool_calls": 20,
  "cost_usd": 0.19860875000000003,
  "duration": "0:02:04.496310"
}