{
  "llm_calls": 106,
  "tokens_in": 124711,
  "tokens_out": 41821,
  "total_tokens": 1255172,
  "tool_calls": 50,
  "cost_usd": 0.53696615,
  "duration": "0:17:59.769698",
  "success": false
}