{
  "llm_calls": 50,
  "tokens_in": 659023,
  "tokens_out": 5463,
  "total_tokens": 664486,
  "tool_calls": 50,
  "cost_usd": 1.3617500000000002,
  "duration": "0:02:46.347709",
  "success": false
}