{
  "llm_calls": 5,
  "tokens_in": 4536,
  "tokens_out": 2701,
  "total_tokens": 8645,
  "tool_calls": 2,
  "cost_usd": 0.029271500000000002,
  "duration": "0:01:02.502558",
  "success": true
}