{
  "llm_calls": 108,
  "tokens_in": 223049,
  "tokens_out": 50681,
  "total_tokens": 1622850,
  "tool_calls": 50,
  "cost_usd": 0.8285467500000002,
  "duration": "0:17:38.835169",
  "success": false
}