{
  "llm_calls": 50,
  "tokens_in": 652052,
  "tokens_out": 4141,
  "total_tokens": 656193,
  "tool_calls": 50,
  "cost_usd": 1.3372320000000002,
  "duration": "0:02:00.849577",
  "success": false
}