{
  "llm_calls": 47,
  "tokens_in": 777248,
  "tokens_out": 17023,
  "total_tokens": 794271,
  "tool_calls": 46,
  "cost_usd": 1.1417899999999999,
  "duration": "0:06:30.064683",
  "success": false
}