{
  "llm_calls": 45,
  "tokens_in": 934544,
  "tokens_out": 21401,
  "total_tokens": 955945,
  "tool_calls": 44,
  "cost_usd": 1.3821900000000003,
  "duration": "0:08:34.752101",
  "success": false
}