{
  "llm_calls": 50,
  "tokens_in": 1460364,
  "tokens_out": 27468,
  "total_tokens": 1487832,
  "tool_calls": 50,
  "cost_usd": 2.1001350000000003,
  "duration": "0:10:20.414990",
  "success": false
}