{
  "llm_calls": 105,
  "tokens_in": 153869,
  "tokens_out": 40131,
  "total_tokens": 2710736,
  "tool_calls": 50,
  "cost_usd": 0.7992107499999996,
  "duration": "0:16:24.921425",
  "success": false
}