{
  "llm_calls": 102,
  "tokens_in": 189084,
  "tokens_out": 30781,
  "total_tokens": 1081689,
  "tool_calls": 50,
  "cost_usd": 0.53086,
  "duration": "0:09:57.207825",
  "success": false
}