{
  "llm_calls": 22,
  "tokens_in": 26514,
  "tokens_out": 11659,
  "total_tokens": 108189,
  "tool_calls": 10,
  "cost_usd": 0.13838499999999998,
  "duration": "0:04:00.243413",
  "success": true
}