{
  "llm_calls": 21,
  "tokens_in": 263878,
  "tokens_out": 5856,
  "total_tokens": 269734,
  "tool_calls": 20,
  "cost_usd": 0.3884075,
  "duration": "0:02:45.588943"
}