{
  "llm_calls": 50,
  "tokens_in": 1396636,
  "tokens_out": 17131,
  "total_tokens": 1413767,
  "tool_calls": 50,
  "cost_usd": 1.9171050000000003,
  "duration": "0:09:56.255914",
  "success": false
}