{
  "llm_calls": 50,
  "tokens_in": 1195271,
  "tokens_out": 25927,
  "total_tokens": 1221198,
  "tool_calls": 50,
  "cost_usd": 1.7533587500000003,
  "duration": "0:09:59.779348",
  "success": false
}