{
  "llm_calls": 9,
  "tokens_in": 30755,
  "tokens_out": 2482,
  "total_tokens": 33237,
  "tool_calls": 8,
  "cost_usd": 0.06326375000000001,
  "duration": "0:00:55.946735",
  "success": true
}