{
  "llm_calls": 21,
  "tokens_in": 136808,
  "tokens_out": 7773,
  "total_tokens": 144581,
  "tool_calls": 20,
  "cost_usd": 0.24874000000000002,
  "duration": "0:03:55.552067"
}