{
  "llm_calls": 63,
  "tokens_in": 1284309,
  "tokens_out": 10011,
  "total_tokens": 1294320,
  "tool_calls": 62,
  "cost_usd": 1.14640425,
  "duration": "0:03:10.372573",
  "success": true
}