{
  "llm_calls": 50,
  "tokens_in": 774867,
  "tokens_out": 4424,
  "total_tokens": 779291,
  "tool_calls": 50,
  "cost_usd": 1.5851260000000005,
  "duration": "0:03:01.183360",
  "success": false
}