{
  "llm_calls": 21,
  "tokens_in": 184724,
  "tokens_out": 6749,
  "total_tokens": 191473,
  "tool_calls": 20,
  "cost_usd": 0.29839499999999997,
  "duration": "0:02:55.532629"
}