{
  "llm_calls": 105,
  "tokens_in": 223805,
  "tokens_out": 59427,
  "total_tokens": 1373664,
  "tool_calls": 41,
  "cost_usd": 0.82147925,
  "duration": "0:22:16.502452",
  "success": true
}