{
  "llm_calls": 5,
  "tokens_in": 6138,
  "tokens_out": 2273,
  "total_tokens": 8411,
  "tool_calls": 2,
  "cost_usd": 0.026925200000000003,
  "duration": "0:00:53.416620",
  "success": true
}