{
  "llm_calls": 119,
  "tokens_in": 167895,
  "tokens_out": 101966,
  "total_tokens": 1607845,
  "tool_calls": 46,
  "cost_usd": 1.23639395,
  "duration": "0:23:27.129793",
  "success": true
}