{
  "llm_calls": 51,
  "tokens_in": 2210278,
  "tokens_out": 16602,
  "total_tokens": 2226880,
  "tool_calls": 92,
  "cost_usd": 1.8484997499999996,
  "duration": "0:05:48.516330",
  "success": false
}