{
  "llm_calls": 10,
  "tokens_in": 10592,
  "tokens_out": 8432,
  "total_tokens": 44496,
  "tool_calls": 4,
  "cost_usd": 0.09287839999999997,
  "duration": "0:03:19.265697",
  "success": true
}