{
  "llm_calls": 50,
  "tokens_in": 548224,
  "tokens_out": 4626,
  "total_tokens": 552850,
  "tool_calls": 50,
  "cost_usd": 1.1334559999999998,
  "duration": "0:02:16.532522",
  "success": false
}