{
  "llm_calls": 112,
  "tokens_in": 226489,
  "tokens_out": 68042,
  "total_tokens": 1788419,
  "tool_calls": 50,
  "cost_usd": 1.0028947499999996,
  "duration": "0:25:05.763756",
  "success": false
}