{
  "llm_calls": 93,
  "tokens_in": 101266,
  "tokens_out": 35592,
  "total_tokens": 967322,
  "tool_calls": 41,
  "cost_usd": 0.4729367000000001,
  "duration": "0:13:31.601814",
  "success": true
}