{
  "llm_calls": 86,
  "tokens_in": 148484,
  "tokens_out": 44191,
  "total_tokens": 1395107,
  "tool_calls": 40,
  "cost_usd": 0.6590098,
  "duration": "0:21:43.972787",
  "success": false
}