{
  "llm_calls": 50,
  "tokens_in": 38366,
  "tokens_out": 14089,
  "total_tokens": 652263,
  "tool_calls": 50,
  "cost_usd": 0.2638235000000001,
  "duration": "0:05:44.948483",
  "success": false
}