{
  "llm_calls": 31,
  "tokens_in": 68959,
  "tokens_out": 8006,
  "total_tokens": 163365,
  "tool_calls": 15,
  "cost_usd": 0.14431704999999997,
  "duration": "0:03:01.548820",
  "success": true
}