{
  "llm_calls": 38,
  "tokens_in": 6418039,
  "tokens_out": 32879,
  "total_tokens": 6450918,
  "tool_calls": 37,
  "cost_usd": 13.099110000000001,
  "duration": "0:11:06.515445",
  "success": false
}