{
  "llm_calls": 14,
  "tokens_in": 11444,
  "tokens_out": 8967,
  "total_tokens": 58043,
  "tool_calls": 6,
  "cost_usd": 0.09498070000000002,
  "duration": "0:03:12.718806",
  "success": true
}