{
  "llm_calls": 72,
  "tokens_in": 138482,
  "tokens_out": 84932,
  "total_tokens": 868534,
  "tool_calls": 26,
  "cost_usd": 0.9903739,
  "duration": "0:31:03.381780",
  "success": false
}