{
  "llm_calls": 61,
  "tokens_in": 171191,
  "tokens_out": 27064,
  "total_tokens": 602607,
  "tool_calls": 28,
  "cost_usd": 0.44683455000000005,
  "duration": "0:10:18.939932",
  "success": true
}