{
  "llm_calls": 14,
  "tokens_in": 58285,
  "tokens_out": 4365,
  "total_tokens": 62650,
  "tool_calls": 13,
  "cost_usd": 0.11650624999999999,
  "duration": "0:01:39.260731",
  "success": true
}