{
  "llm_calls": 14,
  "tokens_in": 7,
  "tokens_out": 2549,
  "total_tokens": 2556,
  "tool_calls": 8,
  "cost_usd": 0.20716374999999998,
  "duration": "0:00:44.404720",
  "success": true
}