{
  "llm_calls": 21,
  "tokens_in": 93140,
  "tokens_out": 7617,
  "total_tokens": 100757,
  "tool_calls": 20,
  "cost_usd": 0.19259500000000002,
  "duration": "0:02:37.882886"
}