{
  "llm_calls": 72,
  "tokens_in": 163363,
  "tokens_out": 50710,
  "total_tokens": 1066937,
  "tool_calls": 32,
  "cost_usd": 0.71040615,
  "duration": "0:17:42.722516",
  "success": false
}