{
  "llm_calls": 47,
  "tokens_in": 78651,
  "tokens_out": 20493,
  "total_tokens": 314056,
  "tool_calls": 19,
  "cost_usd": 0.27745585,
  "duration": "0:06:27.056276",
  "success": true
}