{
  "llm_calls": 11,
  "tokens_in": 73928,
  "tokens_out": 8567,
  "total_tokens": 82495,
  "tool_calls": 10,
  "cost_usd": 0.17808000000000002,
  "duration": "0:02:45.830270",
  "success": true
}