{
  "llm_calls": 50,
  "tokens_in": 752414,
  "tokens_out": 17356,
  "total_tokens": 769770,
  "tool_calls": 50,
  "cost_usd": 1.1140775,
  "duration": "0:07:04.191253",
  "success": false
}