{
  "llm_calls": 20,
  "tokens_in": 211862,
  "tokens_out": 10022,
  "total_tokens": 221884,
  "tool_calls": 19,
  "cost_usd": 0.3650475000000001,
  "duration": "0:03:51.718231",
  "success": true
}