{
  "llm_calls": 56,
  "tokens_in": 65150,
  "tokens_out": 55828,
  "total_tokens": 655506,
  "tool_calls": 22,
  "cost_usd": 0.6428551000000001,
  "duration": "0:19:01.004410",
  "success": true
}