{
  "llm_calls": 23,
  "tokens_in": 787541,
  "tokens_out": 17606,
  "total_tokens": 805147,
  "tool_calls": 22,
  "cost_usd": 1.1604862500000002,
  "duration": "0:06:10.901625",
  "success": false
}