{
  "llm_calls": 50,
  "tokens_in": 518215,
  "tokens_out": 13691,
  "total_tokens": 531906,
  "tool_calls": 50,
  "cost_usd": 0.7846787500000001,
  "duration": "0:07:38.269565",
  "success": false
}