{
  "llm_calls": 10,
  "tokens_in": 189538,
  "tokens_out": 1910,
  "total_tokens": 191448,
  "tool_calls": 9,
  "cost_usd": 0.19079524999999997,
  "duration": "0:00:43.475589",
  "success": true
}