{
  "llm_calls": 58,
  "tokens_in": 89190,
  "tokens_out": 39085,
  "total_tokens": 949267,
  "tool_calls": 28,
  "cost_usd": 0.5281215000000001,
  "duration": "0:14:10.000199",
  "success": true
}