{
  "llm_calls": 50,
  "tokens_in": 845882,
  "tokens_out": 20722,
  "total_tokens": 866604,
  "tool_calls": 49,
  "cost_usd": 1.2645724999999999,
  "duration": "0:08:50.734223",
  "success": true
}