{
  "llm_calls": 6,
  "tokens_in": 6567,
  "tokens_out": 6586,
  "total_tokens": 21601,
  "tool_calls": 2,
  "cost_usd": 0.07169695000000001,
  "duration": "0:02:36.767604",
  "success": true
}