{
  "llm_calls": 39,
  "tokens_in": 564902,
  "tokens_out": 4120,
  "total_tokens": 569022,
  "tool_calls": 38,
  "cost_usd": 1.1627640000000001,
  "duration": "0:02:21.791374",
  "success": true
}