{
  "llm_calls": 50,
  "tokens_in": 548847,
  "tokens_out": 4134,
  "total_tokens": 552981,
  "tool_calls": 50,
  "cost_usd": 1.1307660000000004,
  "duration": "0:02:28.151605",
  "success": false
}