{
  "llm_calls": 35,
  "tokens_in": 567219,
  "tokens_out": 19019,
  "total_tokens": 586238,
  "tool_calls": 34,
  "cost_usd": 0.89921375,
  "duration": "0:06:55.691062",
  "success": true
}