{
  "llm_calls": 41,
  "tokens_in": 7491587,
  "tokens_out": 69892,
  "total_tokens": 7561479,
  "tool_calls": 40,
  "cost_usd": 15.54231,
  "duration": "0:28:09.649956",
  "success": false
}