{
  "llm_calls": 69,
  "tokens_in": 544738,
  "tokens_out": 63501,
  "total_tokens": 608239,
  "tool_calls": 27,
  "cost_usd": 1.35142825,
  "duration": "0:23:50.093521",
  "success": false
}