{
  "llm_calls": 39,
  "tokens_in": 15261,
  "tokens_out": 14293,
  "total_tokens": 514674,
  "tool_calls": 39,
  "cost_usd": 0.22264625000000002,
  "duration": "0:05:46.025898",
  "success": false
}