{
  "llm_calls": 43,
  "tokens_in": 56181,
  "tokens_out": 28079,
  "total_tokens": 232228,
  "tool_calls": 18,
  "cost_usd": 0.32035565,
  "duration": "0:10:14.546133",
  "success": true
}