{
  "llm_calls": 26,
  "tokens_in": 20184,
  "tokens_out": 9807,
  "total_tokens": 106535,
  "tool_calls": 12,
  "cost_usd": 0.11255400000000002,
  "duration": "0:03:36.446918",
  "success": true
}