{
  "llm_calls": 122,
  "tokens_in": 293783,
  "tokens_out": 76376,
  "total_tokens": 1680623,
  "tool_calls": 50,
  "cost_usd": 1.1451894499999993,
  "duration": "0:29:28.034126",
  "success": false
}