{
  "llm_calls": 51,
  "tokens_in": 2104125,
  "tokens_out": 23006,
  "total_tokens": 2127131,
  "tool_calls": 93,
  "cost_usd": 1.9663404999999998,
  "duration": "0:08:30.638373",
  "success": false
}