{
  "llm_calls": 35,
  "tokens_in": 389090,
  "tokens_out": 12517,
  "total_tokens": 401607,
  "tool_calls": 34,
  "cost_usd": 0.6115325,
  "duration": "0:04:43.642822",
  "success": true
}