{
  "llm_calls": 35,
  "tokens_in": 56684,
  "tokens_out": 9718,
  "total_tokens": 291298,
  "tool_calls": 16,
  "cost_usd": 0.16502470000000008,
  "duration": "0:03:22.755307",
  "success": true
}