{
  "llm_calls": 50,
  "tokens_in": 1484750,
  "tokens_out": 15383,
  "total_tokens": 1500133,
  "tool_calls": 50,
  "cost_usd": 2.0097675,
  "duration": "0:06:34.698463",
  "success": false
}