{
  "llm_calls": 51,
  "tokens_in": 1816113,
  "tokens_out": 15529,
  "total_tokens": 1831642,
  "tool_calls": 117,
  "cost_usd": 1.56855925,
  "duration": "0:04:48.323863",
  "success": false
}