{
  "llm_calls": 118,
  "tokens_in": 184426,
  "tokens_out": 89167,
  "total_tokens": 1982905,
  "tool_calls": 50,
  "cost_usd": 1.0854742999999998,
  "duration": "0:33:43.786438",
  "success": false
}