{
  "llm_calls": 103,
  "tokens_in": 187435,
  "tokens_out": 57756,
  "total_tokens": 1843655,
  "tool_calls": 49,
  "cost_usd": 0.8707852500000002,
  "duration": "0:23:03.210788",
  "success": false
}