{
  "llm_calls": 33,
  "tokens_in": 18,
  "tokens_out": 5234,
  "total_tokens": 5252,
  "tool_calls": 20,
  "cost_usd": 0.4132077499999999,
  "duration": "0:01:41.486889",
  "success": true
}