{
  "llm_calls": 112,
  "tokens_in": 117811,
  "tokens_out": 71914,
  "total_tokens": 1911197,
  "tool_calls": 50,
  "cost_usd": 0.8881361500000001,
  "duration": "0:23:59.096001",
  "success": false
}