{
  "llm_calls": 50,
  "tokens_in": 788635,
  "tokens_out": 27257,
  "total_tokens": 815892,
  "tool_calls": 50,
  "cost_usd": 1.2583637499999998,
  "duration": "0:09:54.192744",
  "success": false
}