{
  "llm_calls": 110,
  "tokens_in": 117497,
  "tokens_out": 104661,
  "total_tokens": 1843534,
  "tool_calls": 43,
  "cost_usd": 1.26828285,
  "duration": "0:39:23.963981",
  "success": false
}