{
  "llm_calls": 44,
  "tokens_in": 792167,
  "tokens_out": 18411,
  "total_tokens": 810578,
  "tool_calls": 43,
  "cost_usd": 1.1743187499999999,
  "duration": "0:07:26.824752",
  "success": false
}