{
  "llm_calls": 111,
  "tokens_in": 230807,
  "tokens_out": 116590,
  "total_tokens": 1402757,
  "tool_calls": 37,
  "cost_usd": 1.4493094500000006,
  "duration": "0:43:23.645448",
  "success": false
}