{
  "llm_calls": 50,
  "tokens_in": 1200089,
  "tokens_out": 8997,
  "total_tokens": 1209086,
  "tool_calls": 50,
  "cost_usd": 1.5900812500000003,
  "duration": "0:05:03.088813",
  "success": false
}