{
  "llm_calls": 50,
  "tokens_in": 988358,
  "tokens_out": 28010,
  "total_tokens": 1016368,
  "tool_calls": 50,
  "cost_usd": 1.5155474999999996,
  "duration": "0:11:05.228641",
  "success": false
}