{
  "llm_calls": 35,
  "tokens_in": 153110,
  "tokens_out": 10175,
  "total_tokens": 163285,
  "tool_calls": 14,
  "cost_usd": 0.29986324999999997,
  "duration": "0:04:20.454684",
  "success": true
}