{
  "llm_calls": 69,
  "tokens_in": 84794,
  "tokens_out": 16603,
  "total_tokens": 591509,
  "tool_calls": 32,
  "cost_usd": 0.2577462,
  "duration": "0:06:24.986607",
  "success": true
}