{
  "llm_calls": 40,
  "tokens_in": 65936,
  "tokens_out": 24082,
  "total_tokens": 432546,
  "tool_calls": 16,
  "cost_usd": 0.32407350000000007,
  "duration": "0:09:48.089689",
  "success": true
}