{
  "llm_calls": 21,
  "tokens_in": 427919,
  "tokens_out": 5644,
  "total_tokens": 433563,
  "tool_calls": 20,
  "cost_usd": 0.5913387500000001,
  "duration": "0:02:33.667190"
}