{
  "llm_calls": 108,
  "tokens_in": 136198,
  "tokens_out": 33556,
  "total_tokens": 1363994,
  "tool_calls": 50,
  "cost_usd": 0.5242391,
  "duration": "0:11:57.578421",
  "success": false
}