{
  "llm_calls": 42,
  "tokens_in": 58888,
  "tokens_out": 26525,
  "total_tokens": 334117,
  "tool_calls": 16,
  "cost_usd": 0.3276902,
  "duration": "0:10:54.725455",
  "success": true
}