{
  "llm_calls": 50,
  "tokens_in": 649457,
  "tokens_out": 4805,
  "total_tokens": 654262,
  "tool_calls": 50,
  "cost_usd": 1.3373539999999997,
  "duration": "0:02:52.810298",
  "success": false
}