{
  "llm_calls": 26,
  "tokens_in": 242125,
  "tokens_out": 2608,
  "total_tokens": 244733,
  "tool_calls": 25,
  "cost_usd": 0.5051140000000001,
  "duration": "0:01:19.252736",
  "success": true
}