{
  "llm_calls": 16,
  "tokens_in": 96934,
  "tokens_out": 6908,
  "total_tokens": 103842,
  "tool_calls": 15,
  "cost_usd": 0.1902475,
  "duration": "0:02:07.494992"
}