{
  "llm_calls": 70,
  "tokens_in": 105220,
  "tokens_out": 54538,
  "total_tokens": 892686,
  "tool_calls": 30,
  "cost_usd": 0.6575682999999998,
  "duration": "0:19:23.896192",
  "success": true
}