{
  "llm_calls": 50,
  "tokens_in": 460800,
  "tokens_out": 3821,
  "total_tokens": 464621,
  "tool_calls": 50,
  "cost_usd": 0.9521680000000001,
  "duration": "0:01:56.634293",
  "success": false
}