{
  "llm_calls": 40,
  "tokens_in": 279137,
  "tokens_out": 3150,
  "total_tokens": 282287,
  "tool_calls": 39,
  "cost_usd": 0.5834739999999999,
  "duration": "0:02:06.244174",
  "success": true
}