{
  "llm_calls": 42,
  "tokens_in": 458782,
  "tokens_out": 9446,
  "total_tokens": 468228,
  "tool_calls": 41,
  "cost_usd": 0.6679375,
  "duration": "0:03:52.700494",
  "success": true
}