{
  "llm_calls": 4,
  "tokens_in": 5574,
  "tokens_out": 238,
  "total_tokens": 5812,
  "tool_calls": 3,
  "cost_usd": 0.013051999999999998,
  "duration": "0:00:06.446515",
  "success": true
}