{
  "llm_calls": 49,
  "tokens_in": 44294,
  "tokens_out": 7682,
  "total_tokens": 285448,
  "tool_calls": 24,
  "cost_usd": 0.10311750000000001,
  "duration": "0:03:36.846534",
  "success": true
}