{
  "llm_calls": 8,
  "tokens_in": 18037,
  "tokens_out": 15176,
  "total_tokens": 51901,
  "tool_calls": 3,
  "cost_usd": 0.15479895000000002,
  "duration": "0:05:47.605676",
  "success": true
}