{
  "llm_calls": 104,
  "tokens_in": 119914,
  "tokens_out": 33027,
  "total_tokens": 1303661,
  "tool_calls": 50,
  "cost_usd": 0.4636523000000002,
  "duration": "0:13:55.219473",
  "success": false
}