{
  "llm_calls": 50,
  "tokens_in": 66571,
  "tokens_out": 24673,
  "total_tokens": 1148524,
  "tool_calls": 50,
  "cost_usd": 0.46210375,
  "duration": "0:12:02.257709",
  "success": false
}