{
  "llm_calls": 104,
  "tokens_in": 330166,
  "tokens_out": 41038,
  "total_tokens": 1527428,
  "tool_calls": 50,
  "cost_usd": 0.8186436999999998,
  "duration": "0:17:36.432525",
  "success": false
}