{
  "llm_calls": 21,
  "tokens_in": 136110,
  "tokens_out": 7872,
  "total_tokens": 143982,
  "tool_calls": 20,
  "cost_usd": 0.24885750000000004,
  "duration": "0:02:38.208314"
}