{
  "llm_calls": 39,
  "tokens_in": 736207,
  "tokens_out": 12722,
  "total_tokens": 748929,
  "tool_calls": 38,
  "cost_usd": 1.0474787500000002,
  "duration": "0:06:00.251758",
  "success": true
}