{
  "llm_calls": 21,
  "tokens_in": 281064,
  "tokens_out": 6791,
  "total_tokens": 287855,
  "tool_calls": 20,
  "cost_usd": 0.41924,
  "duration": "0:02:36.349414"
}