{
  "llm_calls": 21,
  "tokens_in": 162387,
  "tokens_out": 8366,
  "total_tokens": 170753,
  "tool_calls": 20,
  "cost_usd": 0.28664375000000003,
  "duration": "0:02:40.247677"
}