{
  "llm_calls": 65,
  "tokens_in": 811026,
  "tokens_out": 8474,
  "total_tokens": 819500,
  "tool_calls": 64,
  "cost_usd": 0.7908102499999999,
  "duration": "0:02:33.963407",
  "success": false
}