{
  "llm_calls": 50,
  "tokens_in": 1758577,
  "tokens_out": 11085,
  "total_tokens": 1769662,
  "tool_calls": 50,
  "cost_usd": 2.30907125,
  "duration": "0:06:25.274205",
  "success": false
}