{
  "llm_calls": 18,
  "tokens_in": 99131,
  "tokens_out": 1823,
  "total_tokens": 100954,
  "tool_calls": 17,
  "cost_usd": 0.21284599999999998,
  "duration": "0:00:54.314605",
  "success": false
}